{"A899": [0.47209424554777546, 0.47209424554777546, 0.47209424554777546], "A802": [0.48457507994371984, 0.48457507994371984, 0.48457507994371984], "A811": [0.1590591965420598, 0.1590591965420598, 0.1590591965420598], "A838": [0.7626862285684232, 0.7626862285684232, 0.7626862285684232], "A801": [0.7476326142906503, 0.7476326142906503, 0.7476326142906503], "A834": [0.34437640575078077, 0.34437640575078077, 0.34437640575078077], "A884": [0.865971830350784, 0.865971830350784, 0.865971830350784], "A879": [0.6738717463457449, 0.6738717463457449, 0.6738717463457449], "A829": [0.7349847274928566, 0.7349847274928566, 0.7349847274928566], "A880": [0.3990087403702247, 0.3990087403702247, 0.3990087403702247], "A844": [0.5993027531981646, 0.5993027531981646, 0.5993027531981646], "A828": [0.5963491366122579, 0.5963491366122579, 0.5963491366122579], "A854": [0.7254009363631697, 0.7254009363631697, 0.7254009363631697], "A856": [0.2724308582367775, 0.2724308582367775, 0.2724308582367775], "A883": [0.2698039249838664, 0.2698039249838664, 0.2698039249838664], "A837": [0.6974644273205993, 0.6974644273205993, 0.6974644273205993], "A840": [0.33273527836509387, 0.33273527836509387, 0.33273527836509387], "A882": [0.10301387665045814, 0.10301387665045814, 0.10301387665045814], "A813": [0.9237570060914927, 0.9237570060914927, 0.9237570060914927], "A812": [0.1987246729129225, 0.1987246729129225, 0.1987246729129225], "A827": [0.9019690910718643, 0.9019690910718643, 0.9019690910718643], "A826": [0.8813745962615248, 0.8813745962615248, 0.8813745962615248], "A831": [0.8799118169547623, 0.8799118169547623, 0.8799118169547623], "A809": [0.8565339166760456, 0.8565359166760456, 0.8565359166760456], "A830": [0.34939690327867945, 0.34939690327867945, 0.34939690327867945], "A852": [0.48155581263196223, 0.48155581263196223, 0.48155581263196223], "A810": [0.21073346930061465, 0.21073346930061465, 0.21073346930061465], "A805": [0.24430120441319025, 0.24430120441319025, 0.24430120441319025], "A803": [0.935932971681862, 0.935932971681862, 0.935932971681862], "A832": [0.07501761477589708, 0.07501761477589708, 0.07501761477589708]}
